{
  "version": 1,
  "author": "Anonymous maker",
  "editor": "wokwi",
  "parts": [
    { "type": "wokwi-breadboard", "id": "bb2", "top": 256.2, "left": -150.8, "attrs": {} },
    {
      "type": "wokwi-buzzer",
      "id": "bz1",
      "top": 703.2,
      "left": -343.8,
      "attrs": { "volume": "0.1" }
    },
    {
      "type": "wokwi-arduino-uno",
      "id": "uno1",
      "top": 544.2,
      "left": 97.4,
      "rotate": 90,
      "attrs": {}
    },
    {
      "type": "wokwi-photoresistor-sensor",
      "id": "ldr1",
      "top": 569.6,
      "left": -383.2,
      "attrs": {}
    },
    {
      "type": "wokwi-resistor",
      "id": "r11",
      "top": 589.55,
      "left": -163.2,
      "attrs": { "value": "10000" }
    },
    { "type": "wokwi-lcd1602", "id": "lcd1", "top": 243.43, "left": 217.6, "attrs": {} },
    {
      "type": "wokwi-resistor",
      "id": "r1",
      "top": 311.15,
      "left": -115.2,
      "attrs": { "value": "220" }
    },
    {
      "type": "wokwi-led",
      "id": "led4",
      "top": 265.2,
      "left": -140.2,
      "attrs": { "color": "limegreen" }
    },
    {
      "type": "wokwi-resistor",
      "id": "r2",
      "top": 311.15,
      "left": 38.4,
      "attrs": { "value": "220" }
    },
    {
      "type": "wokwi-resistor",
      "id": "r3",
      "top": 311.15,
      "left": -38.4,
      "attrs": { "value": "220" }
    },
    { "type": "wokwi-led", "id": "led5", "top": 265.2, "left": 13.4, "attrs": { "color": "red" } },
    {
      "type": "wokwi-led",
      "id": "led6",
      "top": 265.2,
      "left": -63.4,
      "attrs": { "color": "yellow" }
    },
    {
      "type": "wokwi-resistor",
      "id": "r4",
      "top": 408,
      "left": 354.65,
      "rotate": 90,
      "attrs": { "value": "220" }
    }
  ],
  "connections": [
    [ "r11:1", "ldr1:GND", "black", [ "v0" ] ],
    [ "bz1:2", "uno1:12", "red", [ "v28.8", "h767.6", "v-173.3" ] ],
    [ "ldr1:VCC", "bb2:bp.4", "red", [ "h134.4", "v317.7" ] ],
    [ "ldr1:AO", "bb2:1b.i", "white", [ "h19.2", "v536.9" ] ],
    [ "bb2:tn.7", "bb2:9t.b", "black", [ "v0" ] ],
    [ "bb2:tn.14", "bb2:17t.b", "black", [ "v0" ] ],
    [ "bb2:tn.2", "bb2:1t.b", "black", [ "v0" ] ],
    [ "bb2:8t.c", "uno1:8", "green", [ "h105.6", "v354.8" ] ],
    [ "bb2:16t.c", "uno1:9", "green", [ "v345.6", "h326.4" ] ],
    [ "bb2:24t.c", "uno1:10", "green", [ "v172.8", "h240", "v162.5" ] ],
    [ "uno1:A1", "bb2:34t.b", "violet", [ "h-38.3", "v-408.9" ] ],
    [ "bb2:55b.h", "bb2:bn.45", "black", [ "v38.4", "h134.4" ] ],
    [ "bb2:53b.h", "uno1:2", "purple", [ "v0" ] ],
    [ "bb2:52b.h", "uno1:3", "cyan", [ "v0" ] ],
    [ "bb2:51b.h", "uno1:4", "blue", [ "v0" ] ],
    [ "bb2:50b.h", "uno1:5", "gold", [ "v192" ] ],
    [ "bb2:45b.h", "uno1:6", "orange", [ "v182.4", "h0", "v67.2" ] ],
    [ "bb2:44b.h", "uno1:7", "#8f4814", [ "v124.8", "h0", "v182.4" ] ],
    [ "bb2:43b.h", "uno1:13", "limegreen", [ "v0" ] ],
    [ "bb2:42b.h", "bb2:bn.34", "green", [ "v0" ] ],
    [ "bb2:41b.h", "bb2:bp.33", "green", [ "v0" ] ],
    [ "bb2:40b.h", "bb2:bn.32", "green", [ "v0" ] ],
    [ "r11:2", "bb2:bn.1", "black", [ "v0" ] ],
    [ "bb2:1b.h", "uno1:A0", "white", [ "v0" ] ],
    [ "bb2:bp.5", "bb2:bp.6", "red", [ "v0" ] ],
    [ "bb2:bn.5", "bb2:bn.6", "black", [ "v0" ] ],
    [ "bb2:bp.7", "uno1:5V", "red", [ "v0" ] ],
    [ "bb2:bn.39", "uno1:GND.1", "black", [ "h-0.8", "v171.2" ] ],
    [ "bb2:bn.36", "bb2:bn.35", "black", [ "v0" ] ],
    [ "bb2:bn.31", "bb2:bn.30", "black", [ "v0" ] ],
    [ "bb2:bn.26", "bb2:bn.25", "black", [ "v0" ] ],
    [ "bb2:bn.21", "bb2:bn.20", "black", [ "v0" ] ],
    [ "bb2:bn.16", "bb2:bn.15", "black", [ "v0" ] ],
    [ "bb2:bn.11", "bb2:bn.10", "black", [ "v0" ] ],
    [ "bb2:bn.2", "bz1:1", "black", [ "v353.9", "h-221.6" ] ],
    [ "uno1:GND.2", "bb2:tn.1", "black", [ "h0" ] ],
    [ "bb2:bp.10", "bb2:bp.11", "red", [ "v0" ] ],
    [ "bb2:bp.15", "bb2:bp.16", "red", [ "v0" ] ],
    [ "bb2:bp.20", "bb2:bp.21", "red", [ "v0" ] ],
    [ "bb2:bp.25", "bb2:bp.26", "red", [ "v0" ] ],
    [ "bb2:bp.30", "bb2:bp.31", "red", [ "v0" ] ],
    [ "bb2:bp.35", "bb2:bp.36", "red", [ "v0" ] ],
    [ "lcd1:VSS", "bb2:40b.f", "", [ "$bb" ] ],
    [ "lcd1:VDD", "bb2:41b.f", "", [ "$bb" ] ],
    [ "lcd1:V0", "bb2:42b.f", "", [ "$bb" ] ],
    [ "lcd1:RS", "bb2:43b.f", "", [ "$bb" ] ],
    [ "lcd1:RW", "bb2:44b.f", "", [ "$bb" ] ],
    [ "lcd1:E", "bb2:45b.f", "", [ "$bb" ] ],
    [ "lcd1:D0", "bb2:46b.f", "", [ "$bb" ] ],
    [ "lcd1:D1", "bb2:47b.f", "", [ "$bb" ] ],
    [ "lcd1:D2", "bb2:48b.f", "", [ "$bb" ] ],
    [ "lcd1:D3", "bb2:49b.f", "", [ "$bb" ] ],
    [ "lcd1:D4", "bb2:50b.f", "", [ "$bb" ] ],
    [ "lcd1:D5", "bb2:51b.f", "", [ "$bb" ] ],
    [ "lcd1:D6", "bb2:52b.f", "", [ "$bb" ] ],
    [ "lcd1:D7", "bb2:53b.f", "", [ "$bb" ] ],
    [ "lcd1:A", "bb2:54b.f", "", [ "$bb" ] ],
    [ "lcd1:K", "bb2:55b.f", "", [ "$bb" ] ],
    [ "r1:1", "bb2:2t.b", "", [ "$bb" ] ],
    [ "r1:2", "bb2:8t.b", "", [ "$bb" ] ],
    [ "led4:A", "bb2:2t.a", "", [ "$bb" ] ],
    [ "led4:C", "bb2:1t.a", "", [ "$bb" ] ],
    [ "r2:1", "bb2:18t.b", "", [ "$bb" ] ],
    [ "r2:2", "bb2:24t.b", "", [ "$bb" ] ],
    [ "r3:1", "bb2:10t.b", "", [ "$bb" ] ],
    [ "r3:2", "bb2:16t.b", "", [ "$bb" ] ],
    [ "led5:A", "bb2:18t.a", "", [ "$bb" ] ],
    [ "led5:C", "bb2:17t.a", "", [ "$bb" ] ],
    [ "led6:A", "bb2:10t.a", "", [ "$bb" ] ],
    [ "led6:C", "bb2:9t.a", "", [ "$bb" ] ],
    [ "r4:1", "bb2:54b.g", "", [ "$bb" ] ],
    [ "r4:2", "bb2:bp.44", "", [ "$bb" ] ]
  ],
  "dependencies": {}
}